STT,"Tên vật tư, hàng hóa",ĐVT,Số lượng,Đơn giá,Thành tiền
1,Accer cũ,Cái,1,400000,400000
2,ASUS VivoBook 15X1503ZA i5-12500H/8GB/SSD 512GB/Intel Iris Xe Graphics/15.6” FHD màu bạc sáng,Cái,1,3000000,3000000
3,Balo Dell,Cái,5,120000,600000
4,Bàn di chuột cỡ bé 20x25,Cái,10,10000,100000
5,Bàn di chuột cỡ lớn 40x60,Cái,16,30000,480000
6,"Bàn phím cơ máy tính AG002 có dây, cổng USB",Cái,5,650000,3250000
7,"Bàn phím cơ máy tính AG003 có dây, cổng USB",Cái,4,550000,2200000
8,Bàn phím Fulhen dây L411/ L500S,Cái,1,165000,165000
9,Bàn phím giả cơ RAPOO V50S,Bộ,1,280000,280000
10,Bàn phím Mini Tika/ Apple K1000,Bộ,4,80000,320000
11,Bàn phím Rapoo NK2800 Black ,Bộ,3,220000,660000
12,Bộ bàn phím chuột Hp loại có dây: TPAP001K/ TPAP001M,Cái,8,200000,1600000
13,Bộ kích sóng Wifi 6  AX1800,Cái,42,160928.57142857142,6759000
14,Bộ phím chuột  Dare-u LK185 + LM103,Bộ,7,160000,1120000
15,Bộ phím chuột K2023 Xstar trắng,Bộ,3,166666.66666666666,500000
16,Bộ thu USB Tplink TL-WN823N - 300Mbps,Bộ,7,155000,1085000
17,Bộ thu Wiffi USB AX1800,Cái,21,90000,1890000
18,Bộ vệ sinh laptop 4 in1 ,Cái,7,15000,105000
19,Bộ vi xử lý Inter core i3 10105F,Cái,3,1200000,3600000
20,Bộ vi xử lý Inter Core i3 8100,Cái,1,500000,500000
21,Bộ vi xử lý Inter Core i5 12400,Cái,5,3850000,19250000
22,Bộ vi xử lý Inter Core i5 14400F,Cái,1,3292000,3292000
23,Bộ vi xử lý Inter Core i5 3340,Cái,1,200000,200000
24,Bộ vi xử lý Inter Core i5 3470,Cái,6,250000,1500000
25,Bộ vi xử lý Inter Core i5 4590,Cái,1,460000,460000
26,Bộ vi xử lý Inter Core i5 6400,Cái,1,730000,730000
27,Bộ vi xử lý Inter Core i5 9400F,Cái,1,1200000,1200000
28,Bộ vi xử lý Intter Core i5 8500,Cái,2,1030000,2060000
29,Bộ vi xử lý Xeon E5 2680 V4 Tray,Cái,8,250000,2000000
30,Bộ vi xử lý Xeon E5 2686 V4 Tray (2ND),Cái,10,700000,7000000
31,Bộ vi xử lý Xeon E5 2696 V3 Tray (2ND),Cái,5,750000,3750000
32,Box M2 NVME lexar,Cái,2,380000,760000
33,Bút laser RAPOO XR100,Cái,5,250000,1250000
34,Bút trình chiếu Logitech R400,Cái,3,155000,465000
35,Bút trình chiếu VP101 ( Led chỉ đỏ),Cái,2,95000,190000
36,Caddy bay dày ( Khay nhôm),Cái,16,35000,560000
37,Caddy bay mỏng ( Khay nhôm),Cái,19,35000,665000
38,Cặp Laptop COOLBELL,Cái,58,60000,3480000
39,Card cũ,Cái,1,250000,250000
40,Card GTX 1060 3G 2 Fan likenew,Cái,3,1780000,5340000
41,Card GTX 750Ti 2G D5  2 Fan K HDMI likenew,Cái,2,950000,1900000
42,Card Inno3D RTX 3060 12G,Cái,1,7300000,7300000
43,Card Jginyue 580 8G,Cái,3,2015000,6045000
44,Card JGINYUE GTX1060 - 3GD,Cái,1,2190000,2190000
45,Card PC Winmax GT730 4GD3 128 Bit,Cái,2,800000,1600000
46,Card PC Winmax GT730-2GD5,Cái,2,825000,1650000
47,Card Winmax GTX1660 6GD6 super,Cái,1,4100000,4100000
48,Cell pin,Cái,1,350000,350000
49,Chuột Bluetooth WM-01,Cái,6,114300,685800
50,Chuột có dây Logitech M100r,Cái,4,115000,460000
51,Chuột Fulhen A09,Cái,5,55000,275000
52,Chuột không dây Dareu LM106 ,Cái,42,63500,2667000
53,Chuột không dây Fulhen M70,Cái,17,120000,2040000
54,Chuột không dây Xstrar M198,Cái,64,55000,3520000
55,"Chuột máy tính không dây Xstar đen, trắng",Cái,2,320000,640000
56,Dây HDMI 4K  10m HDTV,Cái,2,120000,240000
57,Dây HDMI 4K  5m HDTV,Cái,2,65000,130000
58,Dây HDMI 4K 3m HDTV,Cái,1,55000,55000
59,Dây mạng Lan 15m,Cái,3,45000,135000
60,Dây mạng Lan 5m,Cái,3,15000,45000
61,Dây máy in,Cái,10,30000,300000
62,Dây nguồn laptop,Cái,20,13000,260000
63,Dây nguồn to Xịn ( màu đen) ( máy cây ),Cái,3,40000,120000
64,Dây nối dài USB 3m,Cái,20,10000,200000
65,Dây VGA 1.5 m,Cái,3,40000,120000
66,Dell 7390 i7-8th/8/256/13.3 fullhd,Cái,1,3850000,3850000
67,Dell cũ,Cái,1,200000,200000
68,Dell Inspiron 5310 i5-11320H/16G/SSD512GB/13.3in 2K màu bạc,Cái,1,11500000,11500000
69,Dell Inspiron 5310 i5-11320H/16G/SSD512GB/13.3in 2K màu gold,Cái,1,11500000,11500000
70,Dell Inspiron 5330 i7-1360P/16G/SSD512/13.3in QHD+,Cái,1,16000000,16000000
71,Dell Inspiron 5410 i7-11390H/16G/SSD512GB/14in FHD màu bạc Card MX450,Cái,1,13500000,13500000
72,Dell Inspiron 5430 i7-1355U/16G/SSD512G/14in 2K,Cái,1,15200000,15200000
73,Dell Inspiron 5502 i5-11th/16G/SSD512G/MX330/15.6in FHD,Cái,1,11000000,11000000
74,"Dell Inspiron mới 14 5440 Core i5-1334U 8GB 512GB SSD 14"" FHD+ (1920X1200) WIN 11 Ice Blue (I5440-5314BLU-PUS)",Cái,1,17200000,17200000
75,Dell Latitude 3510 i5-10th/8G/SSD256G/15.6in HD,Cái,1,4400000,4400000
76,Dell Latitude 5300 i5-8th/8/256/13.3 HD,Cái,1,3400000,3400000
77,Dell Latitude 5320 i5-11th/16G/256/13.3 FHD,Cái,1,5400000,5400000
78,Dell Latitude 5410 i7-10th/8G/256/ FHD cảm ứng,Cái,1,5800000,5800000
79,Dell Latitude 5430 i5-1235U/16G/SSD256GB/14in FHD,Cái,2,10800000,21600000
80,Dell Latitude 5520 i7-1185G/16G/SSD256G/15.6in FHD,Cái,5,7900000,39500000
81,Dell Latitude 7440 i7-1355U/16G/SSD256G/14in FHD+,Cái,2,13100000,26200000
82,Dell Latitude 7490 i5-7th/8/256/14in FHD,Cái,1,1700000,1700000
83,Dell Latitude E5421 i5-11500H/RAM 16GB/SSD 256GB/14 inch Full HD,Cái,3,7100000,21300000
84,"Dell mới 15 DC15250 Core™ i5-1334U 512GB SSD 8GB 15.6"" (1920x1080) TOUCHSCREEN WIN11 CARBON BLACK",Cái,9,15300000,137700000
85,"Dell mới DC15250 (P112F010) Core i5-1334U 16GB 512GB 15.6"" (1920x1080) TOUCHSCREEN Windows 11 Home S Mode CARBON BLACK (LDC15250-5315BLK-PUS",Cái,5,16600000,83000000
86,"Dell mới Latitude 3340 (P167G001) Core i3-1315U 8GB 256GB 13.3"" FHD (1920X1080) UHD Graphics Windows 11 Pro Titan Gray (Bàn Phím Có Đèn)",Cái,1,11850000,11850000
87,Dell N5320 i5-12P/16G/SSD512 2K,Cái,1,13800000,13800000
88,Dell Precision 5560 i7-11800H/16G/512G/T1200/15.6in 4K,Cái,3,15100000,45300000
89,Dell Vostro 5410 i5-11320H/16G/SSD512G/14in FHD,Cái,1,11000000,11000000
90,Đĩa DVD chứa phần mềm ứng dụng dùng cho máy tính ,Cái,5,100000,500000
91,Fan CPU X-Star FX680 ( đen ),Cái,5,230000,1150000
92,Fan Led CPU X-STAR XSJ1000 đen,Cái,5,220000,1100000
93,Fan Led CPU X-STAR XSJ1000 trắng,Cái,2,220000,440000
94,fan trắng,Cái,1,,
95,Fan X-Star HF1200,Cái,5,75000,375000
96,"Ghế bệt công thái học dạng gấp, bàng nhựa, không nhồi nệm, không xoay, không nâng hạ, chiều cao từ mặt đất đến mặt ghế 4cm",Cái,20,216000,4320000
97,Giá đỡ laptop bằng kim loại,Cái,12,58000,696000
98,Giá Treo màn hình đơn NB F80,Cái,2,330000,660000
99,HDD Box 2.5 orico 25PW1-U3,Cái,12,93333.333333333328,1120000
100,HDD laptop 250G bóc máy,Cái,1,,
101,HDD laptop 500G bóc máy,Cái,8,100000,800000
102,HDD laptop 750G bóc máy,Cái,1,,
103,HDD PC Segate 500GB,Cái,2,250000,500000
104,Hp 830g5 i5-8th/8/256/13.3 fullhd,Cái,3,4500000,13500000
105,Hp 840g8 i5-1135G7/8G/256/14 fullhd,Cái,4,6600000,26400000
106,Hp Probook 450g5 i5-8th/8/SSD256/15.6in HD,Cái,1,3200000,3200000
107,Hp Probook 450G8 i5-1135G7/ RAM 8G/ SSD 256/ 15.6  FHD,Cái,2,6500000,13000000
108,Hp Probook 450g9 i5-12th/8/256/15.6 FHD,Cái,1,7500000,7500000
109,Hub chia USB 1 ra 4 cổng  3D - Hub 3.0,Cái,5,95000,475000
110,Hub chia USB 1 ra 4 cổng ( Hub chia chuẩn 3.0 ) AH13 ,Cái,5,95000,475000
111,Lenovo X1 Yoga gen 7 I5/th8/8/256/14,Cái,1,5900000,5900000
112,Lenovol cũ,Cái,1,650000,650000
113,Lenovol cũ i3,Cái,1,850000,850000
114,"Loa đơn Hp mini Speaker 360, loại không dây kết nối bluetooth",Cái,31,141000,4371000
115,Loa Led 2.0 : 1046s/ 1053,Cái,5,65000,325000
116,Loa máy tính X-Star M25 2.0 USB,Cái,6,110000,660000
117,Macbook thu lại của khách,Cái,1,3500000,3500000
118,Main  JGINYUE H81M-H,Cái,7,570000,3990000
119,Main Asus H510,Cái,2,1650000,3300000
120,Main GIGA H510,Cái,1,1450000,1450000
121,Main GIGA H61 like new,Cái,1,300000,300000
122,Main Gigabyte H610M H V3 DR4,Cái,1,1600000,1600000
123,Main H110 like new,Cái,1,550000,550000
124,Main H81 like new,Cái,2,500000,1000000
125,Main H81+Chip xeon e3 1220v3,Cái,1,300000,300000
126,Main HUANANZHI X99-T8D (2ND),Cái,2,1930000,3860000
127,Main JGINYUE B760M Gaming,Cái,1,1600000,1600000
128,Main JGINYUE H311M-D,Cái,2,990000,1980000
129,Main JGINYUE H610 M - D Wiffi,Cái,3,1350000,4050000
130,Main JGINYUE X99M-9D3-V1.0,Cái,1,1650000,1650000
131,Main JGINYUE X99M-HD4,Cái,5,800000,4000000
132,Main MSI Pro H610M-S DDR4,Cái,5,1480000,7400000
133,Main Samsung H61 S1,Cái,5,260000,1300000
134,Màn Duan  ip25 F180,Cái,1,1920000,1920000
135,Màn Duan 24 inch 100hz DT-IP2409S đen,Cái,2,1450000,2900000
136,Màn hình Duan 22 inch DT-V22185 100HZ trắng,Cái,2,1220000,2440000
137,Màn hình Duan 27in 144HZ đen,Cái,1,2060000,2060000
138,Màn hình Duan 27in cong 100HZ đen,Cái,1,2080000,2080000
139,Màn hình LCD 15.6 Slim30pin 1080IPS Full viền,Cái,1,700000,700000
140,Màn hình X-STAR XS2414P 144hz,Cái,1,1500000,1500000
141,Màn hình X-STAR XS2520P,Cái,1,1800000,1800000
142,Màn Samsung 24in,Cái,1,2150000,2150000
143,Máy in canon 2900,Cái,2,2900000,5800000
144,Nguồn máy tính X-STAR X-650,Cái,2,560000,1120000
145,Nguồn START Power 450w 80 plus Gold ATX,Cái,1,300000,300000
146,Nguồn VSP MEGAMAX VS750D 80plus DC to DC,Cái,3,760000,2280000
147,Nguồn VSP S-POWER 750,Cái,1,670000,670000
148,Nguồn X-STAR X350,Cái,7,265000,1855000
149,Nguồn X-STAR X450P,Cái,9,360000,3240000
150,Pc HP cũ,Cái,1,2400000,2400000
151,Phần mềm bản quyền Window 11 pro 64Bit English Intl 1pk DSP OEI DVD(FQC-10528),Cái,5,850000,4250000
152,Phần mềm Microsoft Office Professional Plus 2021 Enghish Apac DM,Bộ,5,1680000,8400000
153,Phần mềm Windows Home 11 64But Eng Intl 1pk DSP OEI DVD (DW9-00632),Cái,1,999000,999000
154,Ram 8G SKhynix DR4-3200 bóc máy PC,Cái,1,,
155,Ram 8G Teamgroup PC4-3200 bóc máy PC,Cái,1,,
156,Ram DR3 8G 1600/PC,Cái,10,260000,2600000
157,Ram Jginyue 8G/2666 PC ( ko tản ),Cái,9,800000,7200000
158,Ram Jginyue 8G/3200 PC tản đen,Cái,5,270000,1350000
159,Ram kingtons 8G/1600 PC L3,Cái,2,110000,220000
160,Ram laptop 16G/2666 bóc máy,Cái,7,600000,4200000
161,Ram laptop 16G/3200 bóc máy,Cái,5,630000,3150000
162,Ram laptop 4G PC3L bóc máy,Cái,7,91428.571428571435,640000
163,Ram laptop 8G PC3 thường bóc máy,Cái,1,180000,180000
164,Ram laptop 8G PC3L bóc máy,Cái,4,,
165,Ram laptop 8G/2133 bóc máy,Cái,1,320000,320000
166,Ram laptop 8G/2400 bóc máy,Cái,1,320000,320000
167,Ram laptop 8G/3200 bóc máy,Cái,1,810000,810000
168,Ram Lexar 16G DDR4 buss 3200 - mới ,Cái,10,860000,8600000
169,Ram Lexar 8G DDR4 buss 3200 - mới ,Cái,4,465000,1860000
170,Ram Lexar 8G/3200 PC mới,Cái,2,410000,820000
171,Ram mới 8G DDR4 3200 MHz,Cái,5,1520000,7600000
172,Ram X-STAR 16G/3200 PC,Cái,5,420000,2100000
173,Ram X-STAR 16G/3200 PC led,Cái,2,580000,1160000
174,Ram X-STAR 8G/1600PC L3,Cái,7,480000,3360000
175,Sạc Acer 45w-2.37 chân nhỏ zin,Cái,1,120000,120000
176,Sạc Acer 65w-3.42 chân thường zin,Cái,1,90000,90000
177,Sạc Asus 45w-2.37 vuông chân thường zin,Cái,1,125000,125000
178,Sạc Asus 65w-3.42  hình chữ nhật chân thường zin,Cái,3,105000,315000
179,Sạc Asus 65w-3.42 vuông chân kim (4.5*3.0) zin,Cái,1,125000,125000
180,Sạc Asus 65w-3.42 vuông chân nhỏ zin,Cái,1,125000,125000
181,Sạc Asus 65w-3.42 vuông chân thường zin,Cái,1,125000,125000
182,Sạc Dell 65w-3.34 bầu dục kim nhỏ zin,Cái,1,190000,190000
183,Sạc Dell 90w-4.62 kim nhỏ zin,Cái,2,110000,220000
184,Sạc Dell 90w-4.62 kim to zin,Cái,1,110000,110000
185,Sạc Dell bầu dục Type 90w,Cái,1,330000,330000
186,Sạc Dell Idepad zin,Cái,2,150000,300000
187,Sạc Dell kim nhỏ 4.6 zin 65w,Cái,29,115344.8275862069,3345000
188,Sạc Dell kim to 4.6 zin 65w,Cái,22,100000,2200000
189,Sạc Dell Type 65w,Cái,1,240000,240000
190,Sạc Hp 90w - 4.74 kim to zin,Cái,4,150000,600000
191,Sạc Hp kim nhỏ 45w,Cái,3,115000,345000
192,Sạc Hp kim nhỏ 65w,Cái,11,119545.45454545454,1315000
193,Sạc Hp Type C 65w,Cái,4,285000,1140000
194,Sạc Lenovo 3.42 zin,Cái,1,115000,115000
195,Sạc Lenovo 65w-3.25 chân USB zin,Cái,1,125000,125000
196,Sạc Lenovo idepad ,Cái,1,125000,125000
197,"Sạc Macbook full box trắng 45w,65w chân to",Cái,1,285000,285000
198,Sạc Macbook full box trắng 85w,Cái,1,290000,290000
199,Sạc MSI 120w,Cái,1,290000,290000
200,Sạc MSI 150w,Cái,1,290000,290000
201,Sạc Sony 4.74 zin,Cái,1,130000,130000
202,Sạc Surface pro 44w,Cái,1,260000,260000
203,Sạc Surface pro 65w,Cái,2,260000,520000
204,SSD 512G gen 4 bóc máy,Cái,2,1400000,2800000
205,SSD CADEO sata 512G,Cái,3,680000,2040000
206,SSD Kingston 512G NVME M2 gen 4,Cái,1,1200000,1200000
207,SSD Lexar 128G ( 2.5 Sata III - LNS100 ) - mới ,Cái,7,330000,2310000
208,SSD M2 NVME 256G X-Star,Cái,3,500000,1500000
209,SSD M2 NVME 512G X-Star,Cái,8,785000,6280000
210,SSD M2 Sata 128GB bóc máy,Cái,2,250000,500000
211,SSD NVME 1T bóc máy ,Cái,1,,
212,SSD NVME 256G bóc máy ,Cái,7,400000,2800000
213,SSD NVME 256G bóc máy kington,Cái,12,830000,9960000
214,SSD NVME 256G bóc máy samsung,Cái,3,800000,2400000
215,SSD NVME 512G bóc máy ,Cái,18,1380000,24840000
216,SSD sata 120GB bóc máy,Cái,1,250000,250000
217,SSD Sata 2.5 EAGET 120GB,Cái,1,200000,200000
218,SSD Sata 2.5 EAGET 240GB,Cái,1,300000,300000
219,SSD Sata 2.5 Xstar 256G,Cái,10,670000,6700000
220,SSD Sata 256GB bóc máy,Cái,11,636363.63636363635,7000000
221,Surface go 2,Cái,1,2000000,2000000
222,Tai nghe Bluetooth,Cái,6,129000,774000
223,Tai nghe Gaming Rapoo VH360,Cái,1,245000,245000
224,Tai nghe G-NET GH3 3.5,Cái,2,160000,320000
225,Tản nhiệt Intel 10th Black 1 Fan,Cái,11,50000,550000
226,Tản nhiệt nước Hp,Cái,3,650000,1950000
227,Thu Wifi TP-Link 722N có râu,Cái,2,165000,330000
228,Túi chống sốc vải thô,Cái,18,35000,630000
229,Type C to HDTV 8in1,Cái,11,106000,1166000
230,USB Kingston 32G SE9 sắt nguyên khối,Cái,5,85000,425000
231,USB Kingston 64G SE9 sắt nguyên khối,Cái,2,90000,180000
232,USB thu Wifi TP-Link 725N,Cái,3,115000,345000
233,Vỏ Gipco đen,Cái,1,390000,390000
234,Vỏ máy tính Centaur,Cái,1,600000,600000
235,Vỏ máy tính ELITE U2001,Cái,1,350000,350000
236,Vỏ máy tính Robot X-STAR đen,Cái,1,710000,710000
237,Vỏ máy tính Robot X-STAR trắng,Cái,1,730000,730000
238,Vỏ máy tính Tital X-Star đen,Cái,4,235000,940000
239,Vỏ máy tính Tital X-Star trắng,Cái,1,275000,275000
240,Vỏ máy tính X-Star mini U2,Cái,4,145000,580000
241,Vỏ vp màu trắng,Cái,1,200000,200000
242,Webcam,Cái,3,80000,240000
